user_id,name,join_date,region
1,Aisha Patel,2024-09-16,North
2,Brian Chen,2025-08-15,North
3,Carmen Williams,2025-03-03,North
4,David Kim,2024-09-20,East
5,Elena Okafor,2024-08-16,East
6,Farhan Müller,2026-05-07,North
7,Grace Santos,2024-06-26,West
8,Hiroshi Ivanova,2026-02-10,East
9,Isla Hassan,2024-10-05,North
10,Jorge Nguyen,2025-09-15,North
11,Kofi Johansson,2025-01-06,West
12,Lena Ali,2025-05-02,South
13,Marcus Fernandez,2025-09-07,East
14,Nadia Andersen,2024-09-01,West
15,Omar Bakr,2025-06-13,North
16,Priya Rossi,2024-09-13,North
17,Quinn Park,2026-03-31,West
18,Ravi Dubois,2024-10-14,East
19,Sofia Sato,2026-03-29,South
20,Thomas Nkosi,2025-04-10,South
21,Uma Torres,2025-05-15,North
22,Victor Wang,2025-10-10,East
23,Wendy Singh,2025-07-24,South
24,Xian Brown,2025-06-26,East
25,Yusuf Garcia,2024-12-14,East
26,Zara Martinez,2025-03-09,North
27,Ahmed Robinson,2024-11-13,South
28,Bella Clark,2025-09-08,West
29,Carlos Rodriguez,2025-04-15,North
30,Diana Lewis,2024-06-27,South
31,Ethan Lee,2025-02-13,South
32,Fatima Walker,2025-12-18,South
33,George Hall,2025-09-23,South
34,Hannah Allen,2024-08-03,South
35,Ivan Young,2025-10-29,East
36,Julia Hernandez,2026-04-18,North
37,Kevin King,2025-09-24,East
38,Laura Wright,2026-05-06,West
39,Michael Lopez,2024-12-12,South
40,Nina Hill,2026-04-23,North
41,Aisha Scott,2025-12-20,South
42,Brian Green,2025-12-24,North
43,Carmen Adams,2025-02-04,East
44,David Baker,2025-10-23,North
45,Elena Nelson,2024-10-14,West
46,Farhan Carter,2025-10-03,West
47,Grace Patel,2026-03-14,North
48,Hiroshi Chen,2024-06-26,North
49,Isla Williams,2024-11-19,North
50,Jorge Kim,2025-03-06,North
51,Kofi Okafor,2025-06-28,West
52,Lena Müller,2026-01-27,South
53,Marcus Santos,2025-04-17,North
54,Nadia Ivanova,2024-06-19,North
55,Omar Hassan,2025-02-02,West
56,Priya Nguyen,2025-05-17,West
57,Quinn Johansson,2025-12-22,East
58,Ravi Ali,2025-05-11,North
59,Sofia Fernandez,2024-09-05,East
60,Thomas Andersen,2025-06-07,West
61,Uma Bakr,2025-09-03,West
62,Victor Rossi,2025-08-07,South
63,Wendy Park,2025-10-27,North
64,Xian Dubois,2024-07-10,East
65,Yusuf Sato,2024-12-28,West
66,Zara Nkosi,2024-08-25,West
67,Ahmed Torres,2025-12-19,East
68,Bella Wang,2025-06-28,South
69,Carlos Singh,2024-06-07,West
70,Diana Brown,2025-06-30,North
71,Ethan Garcia,2025-12-23,West
72,Fatima Martinez,2024-09-19,North
73,George Robinson,2025-09-25,East
74,Hannah Clark,2026-05-09,North
75,Ivan Rodriguez,2025-07-12,East
76,Julia Lewis,2026-06-05,North
77,Kevin Lee,2025-12-13,East
78,Laura Walker,2024-11-14,North
79,Michael Hall,2024-12-24,South
80,Nina Allen,2025-03-02,North
81,Aisha Young,2025-03-03,North
82,Brian Hernandez,2025-09-04,South
83,Carmen King,2025-09-10,West
84,David Wright,2026-06-02,West
85,Elena Lopez,2025-02-12,North
86,Farhan Hill,2026-05-08,South
87,Grace Scott,2025-03-28,North
88,Hiroshi Green,2026-05-31,East
89,Isla Adams,2026-05-26,East
90,Jorge Baker,2025-05-09,North
91,Kofi Nelson,2024-07-28,West
92,Lena Carter,2025-01-08,West
93,Marcus Patel,2024-12-10,North
94,Nadia Chen,2025-06-20,North
95,Omar Williams,2025-10-11,East
96,Priya Kim,2024-07-16,West
97,Quinn Okafor,2024-11-09,North
98,Ravi Müller,2024-06-20,East
99,Sofia Santos,2024-08-09,West
100,Thomas Ivanova,2025-11-08,South
101,Uma Hassan,2025-05-15,East
102,Victor Nguyen,2024-10-12,West
103,Wendy Johansson,2026-03-15,West
104,Xian Ali,2025-09-20,East
105,Yusuf Fernandez,2024-08-07,South
106,Zara Andersen,2024-10-22,East
107,Ahmed Bakr,2025-10-17,West
108,Bella Rossi,2026-01-19,North
109,Carlos Park,2025-07-02,North
110,Diana Dubois,2026-04-11,East
111,Ethan Sato,2025-07-29,West
112,Fatima Nkosi,2025-03-21,North
113,George Torres,2025-06-19,West
114,Hannah Wang,2025-10-08,East
115,Ivan Singh,2025-01-22,North
116,Julia Brown,2024-07-16,West
117,Kevin Garcia,2024-07-03,North
118,Laura Martinez,2024-10-18,East
119,Michael Robinson,2024-12-23,West
120,Nina Clark,2024-07-08,North
121,Aisha Rodriguez,2024-07-23,East
122,Brian Lewis,2025-10-21,North
123,Carmen Lee,2025-07-17,North
124,David Walker,2025-12-31,South
125,Elena Hall,2026-06-03,South
126,Farhan Allen,2024-09-12,East
127,Grace Young,2026-04-20,South
128,Hiroshi Hernandez,2026-06-01,East
129,Isla King,2025-12-04,South
130,Jorge Wright,2026-02-08,North
131,Kofi Lopez,2025-09-10,East
132,Lena Hill,2026-03-10,East
133,Marcus Scott,2024-06-10,North
134,Nadia Green,2025-01-09,East
135,Omar Adams,2025-10-21,East
136,Priya Baker,2025-07-08,South
137,Quinn Nelson,2025-07-03,East
138,Ravi Carter,2024-12-29,West
139,Sofia Patel,2024-06-20,North
140,Thomas Chen,2025-12-11,South
141,Uma Williams,2025-09-09,South
142,Victor Kim,2026-04-27,West
143,Wendy Okafor,2026-01-01,North
144,Xian Müller,2025-02-01,North
145,Yusuf Santos,2025-12-21,South
146,Zara Ivanova,2024-09-09,East
147,Ahmed Hassan,2025-10-03,South
148,Bella Nguyen,2025-07-17,North
149,Carlos Johansson,2025-01-22,West
150,Diana Ali,2026-03-22,South
151,Ethan Fernandez,2024-11-23,North
152,Fatima Andersen,2025-11-28,South
153,George Bakr,2024-07-11,East
154,Hannah Rossi,2025-11-12,South
155,Ivan Park,2024-11-12,South
156,Julia Dubois,2026-05-05,North
157,Kevin Sato,2025-02-03,North
158,Laura Nkosi,2024-08-30,North
159,Michael Torres,2026-01-04,South
160,Nina Wang,2026-04-18,East
161,Aisha Singh,2025-12-14,West
162,Brian Brown,2025-12-31,West
163,Carmen Garcia,2026-03-13,North
164,David Martinez,2024-07-03,North
165,Elena Robinson,2026-02-15,South
166,Farhan Clark,2025-12-13,West
167,Grace Rodriguez,2025-05-11,North
168,Hiroshi Lewis,2025-05-02,East
169,Isla Lee,2026-03-07,East
170,Jorge Walker,2025-10-24,North
171,Kofi Hall,2025-05-19,North
172,Lena Allen,2025-09-21,West
173,Marcus Young,2025-01-22,West
174,Nadia Hernandez,2024-12-12,South
175,Omar King,2025-01-16,West
176,Priya Wright,2025-06-25,East
177,Quinn Lopez,2025-06-17,East
178,Ravi Hill,2025-03-15,North
179,Sofia Scott,2026-02-28,West
180,Thomas Green,2026-02-23,South
181,Uma Adams,2025-02-19,East
182,Victor Baker,2025-05-30,East
183,Wendy Nelson,2026-05-16,South
184,Xian Carter,2025-09-04,South
185,Yusuf Patel,2025-07-21,East
186,Zara Chen,2026-03-16,East
187,Ahmed Williams,2025-04-19,South
188,Bella Kim,2026-04-13,East
189,Carlos Okafor,2025-01-16,North
190,Diana Müller,2025-01-25,North
191,Ethan Santos,2026-04-20,South
192,Fatima Ivanova,2026-03-31,West
193,George Hassan,2025-06-14,South
194,Hannah Nguyen,2026-04-08,South
195,Ivan Johansson,2026-02-03,West
196,Julia Ali,2025-09-20,West
197,Kevin Fernandez,2025-01-24,West
198,Laura Andersen,2026-04-28,North
199,Michael Bakr,2024-09-26,East
200,Nina Rossi,2025-10-15,North
201,Aisha Park,2025-08-21,East
202,Brian Dubois,2025-12-21,North
203,Carmen Sato,2025-02-28,East
204,David Nkosi,2025-10-28,North
205,Elena Torres,2025-06-26,West
206,Farhan Wang,2025-06-27,South
207,Grace Singh,2024-09-26,North
208,Hiroshi Brown,2026-02-08,East
209,Isla Garcia,2026-02-20,West
210,Jorge Martinez,2024-08-25,North
211,Kofi Robinson,2026-05-05,North
212,Lena Clark,2024-09-26,West
213,Marcus Rodriguez,2024-06-07,North
214,Nadia Lewis,2026-03-09,South
215,Omar Lee,2025-01-11,North
216,Priya Walker,2025-12-23,South
217,Quinn Hall,2025-01-16,South
218,Ravi Allen,2025-06-25,West
219,Sofia Young,2025-07-13,North
220,Thomas Hernandez,2026-03-05,West
221,Uma King,2024-10-13,North
222,Victor Wright,2024-07-28,North
223,Wendy Lopez,2026-04-20,East
224,Xian Hill,2026-06-05,North
225,Yusuf Scott,2026-04-08,West
226,Zara Green,2026-05-16,South
227,Ahmed Adams,2025-07-26,North
228,Bella Baker,2025-02-07,East
229,Carlos Nelson,2025-08-18,West
230,Diana Carter,2024-12-25,North
231,Ethan Patel,2024-12-06,West
232,Fatima Chen,2024-10-06,East
233,George Williams,2025-07-11,East
234,Hannah Kim,2025-03-26,West
235,Ivan Okafor,2025-03-12,North
236,Julia Müller,2026-02-05,South
237,Kevin Santos,2024-12-20,East
238,Laura Ivanova,2025-10-29,North
239,Michael Hassan,2024-10-27,North
240,Nina Nguyen,2026-02-04,South
241,Aisha Johansson,2024-12-23,East
242,Brian Ali,2024-10-07,East
243,Carmen Fernandez,2024-12-09,North
244,David Andersen,2025-04-27,North
245,Elena Bakr,2025-09-12,South
246,Farhan Rossi,2025-05-20,South
247,Grace Park,2026-03-27,East
248,Hiroshi Dubois,2025-07-13,West
249,Isla Sato,2025-05-17,East
250,Jorge Nkosi,2025-10-29,North
251,Kofi Torres,2024-10-30,East
252,Lena Wang,2024-10-31,West
253,Marcus Singh,2026-05-17,South
254,Nadia Brown,2025-10-07,West
255,Omar Garcia,2026-03-07,West
256,Priya Martinez,2025-12-08,West
257,Quinn Robinson,2025-05-09,South
258,Ravi Clark,2026-03-08,West
259,Sofia Rodriguez,2025-09-21,West
260,Thomas Lewis,2024-11-03,West
261,Uma Lee,2025-07-25,North
262,Victor Walker,2025-03-30,West
263,Wendy Hall,2026-02-06,South
264,Xian Allen,2025-02-23,West
265,Yusuf Young,2024-10-27,West
266,Zara Hernandez,2025-05-17,South
267,Ahmed King,2026-02-19,West
268,Bella Wright,2025-12-29,South
269,Carlos Lopez,2024-06-07,West
270,Diana Hill,2025-04-05,South
271,Ethan Scott,2025-02-14,West
272,Fatima Green,2026-03-19,West
273,George Adams,2025-09-01,North
274,Hannah Baker,2024-07-12,North
275,Ivan Nelson,2024-11-12,West
276,Julia Carter,2024-06-14,West
277,Kevin Patel,2025-01-24,East
278,Laura Chen,2024-09-12,South
279,Michael Williams,2026-03-26,East
280,Nina Kim,2024-12-30,North
281,Aisha Okafor,2024-10-14,North
282,Brian Müller,2025-07-14,North
283,Carmen Santos,2024-11-04,North
284,David Ivanova,2024-07-29,West
285,Elena Hassan,2024-10-03,North
286,Farhan Nguyen,2026-04-09,West
287,Grace Johansson,2026-02-23,West
288,Hiroshi Ali,2026-01-13,North
289,Isla Fernandez,2026-02-20,North
290,Jorge Andersen,2025-07-30,South
291,Kofi Bakr,2025-08-01,East
292,Lena Rossi,2024-09-17,North
293,Marcus Park,2025-02-14,South
294,Nadia Dubois,2025-01-18,South
295,Omar Sato,2024-09-25,East
296,Priya Nkosi,2025-10-28,West
297,Quinn Torres,2025-09-21,North
298,Ravi Wang,2024-09-12,East
299,Sofia Singh,2024-11-05,North
300,Thomas Brown,2025-05-09,South
301,Uma Garcia,2026-05-12,South
302,Victor Martinez,2024-11-15,West
303,Wendy Robinson,2026-05-26,South
304,Xian Clark,2026-04-17,South
305,Yusuf Rodriguez,2024-11-13,East
306,Zara Lewis,2026-01-06,North
307,Ahmed Lee,2025-07-08,North
308,Bella Walker,2025-03-09,East
309,Carlos Hall,2025-10-22,West
310,Diana Allen,2025-07-02,North
311,Ethan Young,2024-10-18,South
312,Fatima Hernandez,2024-12-17,North
313,George King,2025-07-11,South
314,Hannah Wright,2026-03-07,West
315,Ivan Lopez,2024-07-08,East
316,Julia Hill,2026-04-24,North
317,Kevin Scott,2025-09-08,East
318,Laura Green,2025-09-18,North
319,Michael Adams,2025-06-15,South
320,Nina Baker,2024-06-27,East
321,Aisha Nelson,2026-04-06,North
322,Brian Carter,2024-07-13,South
323,Carmen Patel,2025-01-21,East
324,David Chen,2025-06-05,East
325,Elena Williams,2025-12-20,North
326,Farhan Kim,2025-08-17,North
327,Grace Okafor,2025-03-15,North
328,Hiroshi Müller,2024-07-02,South
329,Isla Santos,2025-01-17,North
330,Jorge Ivanova,2025-03-09,East
331,Kofi Hassan,2026-02-04,East
332,Lena Nguyen,2025-03-16,North
333,Marcus Johansson,2025-09-29,North
334,Nadia Ali,2025-09-01,West
335,Omar Fernandez,2026-03-26,East
336,Priya Andersen,2025-11-03,South
337,Quinn Bakr,2025-12-04,West
338,Ravi Rossi,2024-12-14,North
339,Sofia Park,2024-07-24,North
340,Thomas Dubois,2025-10-30,East
341,Uma Sato,2024-06-22,North
342,Victor Nkosi,2024-11-24,South
343,Wendy Torres,2025-01-11,East
344,Xian Wang,2024-11-10,North
345,Yusuf Singh,2025-09-25,East
346,Zara Brown,2024-07-21,North
347,Ahmed Garcia,2025-06-13,North
348,Bella Martinez,2025-11-05,North
349,Carlos Robinson,2024-09-12,South
350,Diana Clark,2024-07-12,South
351,Ethan Rodriguez,2025-03-12,East
352,Fatima Lewis,2025-05-20,North
353,George Lee,2025-10-15,North
354,Hannah Walker,2025-04-03,South
355,Ivan Hall,2024-12-03,North
356,Julia Allen,2026-02-02,South
357,Kevin Young,2024-09-12,North
358,Laura Hernandez,2026-05-06,East
359,Michael King,2024-09-29,North
360,Nina Wright,2024-12-13,North
361,Aisha Lopez,2025-02-13,West
362,Brian Hill,2024-11-13,South
363,Carmen Scott,2025-02-16,North
364,David Green,2025-04-24,North
365,Elena Adams,2024-10-11,West
366,Farhan Baker,2024-06-23,West
367,Grace Nelson,2025-12-23,South
368,Hiroshi Carter,2025-12-27,West
369,Isla Patel,2025-04-24,East
370,Jorge Chen,2026-04-22,West
371,Kofi Williams,2026-02-21,East
372,Lena Kim,2025-03-20,South
373,Marcus Okafor,2026-03-30,South
374,Nadia Müller,2026-03-06,South
375,Omar Santos,2024-11-07,South
376,Priya Ivanova,2025-10-08,South
377,Quinn Hassan,2025-06-26,East
378,Ravi Nguyen,2024-09-17,East
379,Sofia Johansson,2025-07-03,South
380,Thomas Ali,2025-02-06,West
381,Uma Fernandez,2024-11-28,North
382,Victor Andersen,2024-07-14,South
383,Wendy Bakr,2025-09-25,West
384,Xian Rossi,2026-04-18,North
385,Yusuf Park,2025-11-25,South
386,Zara Dubois,2025-07-18,South
387,Ahmed Sato,2025-11-12,East
388,Bella Nkosi,2025-10-24,North
389,Carlos Torres,2024-07-11,North
390,Diana Wang,2026-04-21,West
391,Ethan Singh,2024-06-25,East
392,Fatima Brown,2025-04-22,East
393,George Garcia,2025-10-30,East
394,Hannah Martinez,2025-07-10,East
395,Ivan Robinson,2026-03-21,North
396,Julia Clark,2025-09-19,North
397,Kevin Rodriguez,2024-10-26,South
398,Laura Lewis,2024-09-05,South
399,Michael Lee,2025-05-25,East
400,Nina Walker,2026-06-02,East
401,Aisha Hall,2024-07-26,East
402,Brian Allen,2026-04-01,South
403,Carmen Young,2026-05-04,West
404,David Hernandez,2026-01-01,West
405,Elena King,2024-12-12,South
406,Farhan Wright,2024-10-08,South
407,Grace Lopez,2024-11-02,South
408,Hiroshi Hill,2025-04-15,South
409,Isla Scott,2025-12-27,South
410,Jorge Green,2025-05-13,South
411,Kofi Adams,2025-04-06,East
412,Lena Baker,2026-04-28,East
413,Marcus Nelson,2026-04-18,East
414,Nadia Carter,2024-07-29,East
415,Omar Patel,2025-08-23,South
416,Priya Chen,2026-02-08,West
417,Quinn Williams,2025-02-24,North
418,Ravi Kim,2024-07-28,South
419,Sofia Okafor,2025-12-29,North
420,Thomas Müller,2026-02-15,West
421,Uma Santos,2024-06-10,East
422,Victor Ivanova,2024-09-16,West
423,Wendy Hassan,2024-12-18,South
424,Xian Nguyen,2025-05-21,East
425,Yusuf Johansson,2024-07-22,South
426,Zara Ali,2026-03-23,East
427,Ahmed Fernandez,2025-03-01,North
428,Bella Andersen,2025-06-10,North
429,Carlos Bakr,2026-03-03,North
430,Diana Rossi,2024-09-19,West
431,Ethan Park,2026-04-06,South
432,Fatima Dubois,2026-03-26,West
433,George Sato,2026-03-24,North
434,Hannah Nkosi,2024-10-03,South
435,Ivan Torres,2026-01-30,North
436,Julia Wang,2024-08-02,West
437,Kevin Singh,2025-05-17,West
438,Laura Brown,2025-09-22,West
439,Michael Garcia,2024-09-30,North
440,Nina Martinez,2024-10-10,South
441,Aisha Robinson,2025-07-03,South
442,Brian Clark,2026-03-08,North
443,Carmen Rodriguez,2024-08-02,South
444,David Lewis,2026-03-01,North
445,Elena Lee,2025-10-31,South
446,Farhan Walker,2024-09-09,East
447,Grace Hall,2026-03-05,East
448,Hiroshi Allen,2024-10-01,West
449,Isla Young,2025-12-17,East
450,Jorge Hernandez,2026-01-27,East
451,Kofi King,2025-10-06,East
452,Lena Wright,2025-01-28,North
453,Marcus Lopez,2025-03-04,East
454,Nadia Hill,2024-12-11,East
455,Omar Scott,2026-05-10,West
456,Priya Green,2025-08-26,East
457,Quinn Adams,2026-01-07,East
458,Ravi Baker,2025-02-07,South
459,Sofia Nelson,2024-08-20,West
460,Thomas Carter,2024-11-06,West
461,Uma Patel,2026-03-23,West
462,Victor Chen,2025-08-14,West
463,Wendy Williams,2024-08-30,West
464,Xian Kim,2026-05-03,West
465,Yusuf Okafor,2025-03-17,North
466,Zara Müller,2025-01-11,East
467,Ahmed Santos,2024-08-13,West
468,Bella Ivanova,2024-07-22,East
469,Carlos Hassan,2024-09-07,East
470,Diana Nguyen,2025-09-01,North
471,Ethan Johansson,2024-12-26,West
472,Fatima Ali,2025-01-09,South
473,George Fernandez,2025-09-22,North
474,Hannah Andersen,2025-08-11,South
475,Ivan Bakr,2025-05-12,East
476,Julia Rossi,2025-12-08,East
477,Kevin Park,2026-02-07,North
478,Laura Dubois,2025-03-21,North
479,Michael Sato,2025-02-14,South
480,Nina Nkosi,2025-05-28,West
481,Aisha Torres,2024-06-28,South
482,Brian Wang,2025-11-09,North
483,Carmen Singh,2024-09-13,South
484,David Brown,2024-12-02,North
485,Elena Garcia,2025-01-14,South
486,Farhan Martinez,2026-03-26,North
487,Grace Robinson,2025-08-21,North
488,Hiroshi Clark,2026-02-03,North
489,Isla Rodriguez,2025-04-26,West
490,Jorge Lewis,2025-11-03,South
491,Kofi Lee,2024-06-21,South
492,Lena Walker,2025-05-07,South
493,Marcus Hall,2025-02-18,North
494,Nadia Allen,2025-10-15,South
495,Omar Young,2024-11-12,South
496,Priya Hernandez,2025-09-23,North
497,Quinn King,2026-03-31,East
498,Ravi Wright,2026-04-26,North
499,Sofia Lopez,2026-04-11,South
500,Thomas Hill,2025-06-20,North
